Ticker,Percentage Change
A,5.36
AA,5.09
AAAP,NA
AABA,5.41
AAL,5.43
AAN,1.48
AAOI,2.68
AAON,6.92
AAP,2.4
AAPL,2.14
AAT,1.2
AAWW,2.16
AAXJ,3.43
AAXN,2.86
AB,3.81
ABAX,4.44
ABB,2.5
ABBV,3.69
ABC,5.36
ABCB,7.49
ABEO,-1.29
ABEV,3.78
ABG,5.29
ABM,11.23
ABMD,7.05
ABT,6.96
ABUS,8.41
ABX,2.43
AC,3.76
ACAD,6.97
ACC,3.72
ACCO,1.57
ACET,3.08
ACGL,2.24
ACH,2.4
ACHC,3.37
ACHN,20.51
ACIA,8.78
ACIU,8.72
ACIW,8.51
ACM,3.03
ACN,2.55
ACOR,4.48
ACRS,4.06
ACRX,21.74
ACWI,2.94
ACWV,2.22
ACWX,2.26
ACXM,12.3
ADBE,5.4
ADC,1.62
ADES,1.32
ADI,6.36
ADM,2.61
ADMS,13.62
ADNT,3.29
ADOM,10.48
ADP,5.17
ADS,2.78
ADSK,19.85
ADTN,4.82
ADXS,15.79
AEE,-0.07
AEG,2.83
AEGN,5.38
AEIS,7.04
AEL,10.23
AEM,2.44
AEO,-3.6
AEP,0.72
AER,0.89
AERI,7.39
AES,-0.09
AET,-0.08
AFAM,4.56
AFG,4.92
AFL,4.77
AFSI,-1.78
AG,5.23
AGCO,5.68
AGG,-0.08
AGII,8.43
AGIO,3.69
AGM,7.45
AGN,9.21
AGNC,1.82
AGO,2.86
AGR,1.13
AGRO,-6.84
